<?xml version="1.0" encoding="UTF-8"?>
<project-private xmlns="http://www.netbeans.org/ns/project-private/1">
    <editor-bookmarks xmlns="http://www.netbeans.org/ns/editor-bookmarks/2" lastBookmarkId="0"/>
    <open-files xmlns="http://www.netbeans.org/ns/projectui-open-files/2">
        <group>
            <file>file:/C:/Users/M%20SHIRAZ/Desktop/sir-daniyal/src/sir/daniyal/Q4.java</file>
            <file>file:/C:/Users/M%20SHIRAZ/Desktop/sir-daniyal/src/sir/daniyal/Q6.java</file>
            <file>file:/C:/Users/M%20SHIRAZ/Desktop/sir-daniyal/src/sir/daniyal/Q9.java</file>
            <file>file:/C:/Users/M%20SHIRAZ/Desktop/sir-daniyal/src/sir/daniyal/Q1.java</file>
            <file>file:/C:/Users/M%20SHIRAZ/Desktop/sir-daniyal/src/sir/daniyal/Q5.java</file>
            <file>file:/C:/Users/M%20SHIRAZ/Desktop/sir-daniyal/src/sir/daniyal/Q8.java</file>
            <file>file:/C:/Users/M%20SHIRAZ/Desktop/sir-daniyal/src/sir/daniyal/Q2.java</file>
            <file>file:/C:/Users/M%20SHIRAZ/Desktop/sir-daniyal/src/sir/daniyal/Q3.java</file>
            <file>file:/C:/Users/M%20SHIRAZ/Desktop/sir-daniyal/src/sir/daniyal/Q7.java</file>
        </group>
    </open-files>
</project-private>
